{"graph": {"_type": "graph-file", "sha256": "d0f2a4a68bb00f9f1bebf7d45baf3af9f845ad8dad8df3acd27f1eb4fb7c14bc", "size": 731, "path": "media/graph/graph_summary_d0f2a4a68bb00f9f1beb.graph.json"}, "epoch": 14, "_timestamp": 1706639700.1136289, "loss": 0.24980385601520538, "accuracy": 0.9166666865348816, "val_loss": 0.4158186912536621, "val_accuracy": 0.8333333134651184, "_runtime": 209.81965684890747, "_step": 15, "best_val_loss": 0.3822089433670044, "best_epoch": 9, "Test Accuracy": 0.8333333134651184, "_wandb": {"runtime": 210}}