{"graph": {"_type": "graph-file", "sha256": "d0f2a4a68bb00f9f1bebf7d45baf3af9f845ad8dad8df3acd27f1eb4fb7c14bc", "size": 731, "path": "media/graph/graph_summary_d0f2a4a68bb00f9f1beb.graph.json"}, "epoch": 14, "_timestamp": 1710441419.587007, "loss": 0.361818790435791, "accuracy": 0.8888888955116272, "val_loss": 0.389774888753891, "val_accuracy": 0.8571428656578064, "_runtime": 210.99704313278198, "_step": 15, "best_val_loss": 0.3366207778453827, "best_epoch": 12, "Test Accuracy": 0.8571428656578064, "_wandb": {"runtime": 209}}