{"graph": {"_type": "graph-file", "sha256": "d0f2a4a68bb00f9f1bebf7d45baf3af9f845ad8dad8df3acd27f1eb4fb7c14bc", "size": 731, "path": "media/graph/graph_summary_d0f2a4a68bb00f9f1beb.graph.json"}, "epoch": 14, "_timestamp": 1706639405.678147, "loss": 0.29894575476646423, "accuracy": 0.8611111044883728, "val_loss": 0.28953805565834045, "val_accuracy": 0.9285714030265808, "_runtime": 211.0559401512146, "_step": 15, "best_val_loss": 0.2543449103832245, "best_epoch": 9, "Test Accuracy": 0.8214285969734192, "_wandb": {"runtime": 211}}