{"graph": {"_type": "graph-file", "sha256": "d0f2a4a68bb00f9f1bebf7d45baf3af9f845ad8dad8df3acd27f1eb4fb7c14bc", "size": 731, "path": "media/graph/graph_summary_d0f2a4a68bb00f9f1beb.graph.json"}, "epoch": 14, "_timestamp": 1707715236.1603851, "loss": 0.1828901618719101, "accuracy": 0.9305555820465088, "val_loss": 0.4959823191165924, "val_accuracy": 0.800000011920929, "_runtime": 204.4780261516571, "_step": 14, "best_val_loss": 0.4070112407207489, "best_epoch": 11, "_wandb": {"runtime": 203}}