{"graph": {"_type": "graph-file", "sha256": "d0f2a4a68bb00f9f1bebf7d45baf3af9f845ad8dad8df3acd27f1eb4fb7c14bc", "size": 731, "path": "media/graph/graph_summary_d0f2a4a68bb00f9f1beb.graph.json"}, "epoch": 9, "_timestamp": 1710441761.766869, "loss": 0.24123245477676392, "accuracy": 0.9305555820465088, "val_loss": 0.3961997926235199, "val_accuracy": 0.8214285969734192, "_runtime": 129.91053414344788, "_step": 10, "best_val_loss": 0.21491779386997223, "best_epoch": 5, "Test Accuracy": 0.8214285969734192, "_wandb": {"runtime": 129}}